Date,Open,High,Low,Close
2020-01-02,108.686,108.865,108.214,108.549
2020-01-03,108.547,108.631,107.851,108.101
2020-01-06,107.806,108.505,107.774,108.378
2020-01-07,108.378,108.628,108.263,108.458
2020-01-08,108.459,109.244,107.651,109.078
2020-01-09,109.078,109.582,109.013,109.48
2020-01-10,109.478,109.688,109.437,109.5
2020-01-13,109.538,109.947,109.534,109.934
2020-01-14,109.935,110.2,109.862,109.988
2020-01-15,109.987,110.001,109.79,109.887
2020-01-16,109.887,110.186,109.856,110.178
2020-01-17,110.178,110.291,110.051,110.149
2020-01-20,110.136,110.218,110.1165,110.176
2020-01-21,110.175,110.222,109.764,109.856
2020-01-22,109.857,110.089,109.808,109.832
2020-01-23,109.8315,109.8405,109.269,109.529
2020-01-24,109.53,109.65,109.173,109.282
2020-01-27,108.913,109.135,108.734,108.918
2020-01-28,108.918,109.266,108.762,109.241
2020-01-29,109.241,109.254,108.98,109.014
2020-01-30,109.01,109.064,108.5845,108.934
2020-01-31,108.9355,109.134,108.3135,108.3575
2020-02-03,108.339,108.799,108.328,108.666
2020-02-04,108.667,109.545,108.551,109.47
2020-02-05,109.459,109.847,109.307,109.799
2020-02-06,109.803,110.025,109.779,109.988
2020-02-07,109.987,110.017,109.534,109.759
2020-02-10,109.72,109.879,109.563,109.759
2020-02-11,109.763,109.961,109.728,109.789
2020-02-12,109.788,110.133,109.788,110.083
2020-02-13,110.083,110.087,109.621,109.819
2020-02-14,109.82,109.902,109.7,109.782
2020-02-17,109.783,109.961,109.72,109.862
2020-02-18,109.863,109.947,109.662,109.867
2020-02-19,109.866,111.5925,109.86,111.247
2020-02-20,111.247,112.221,111.113,112.05
2020-02-21,112.052,112.1855,111.49,111.601
2020-02-24,111.445,111.683,110.335,110.679
2020-02-25,110.676,111.041,109.894,110.208
2020-02-26,110.209,110.7,110.131,110.424
2020-02-27,110.426,110.457,109.335,109.541
2020-02-28,109.5415,109.6815,107.511,107.913
2020-03-02,107.403,108.577,107.403,108.284
2020-03-03,108.282,108.533,106.944,107.155
2020-03-04,107.155,107.683,106.851,107.544
2020-03-05,107.547,107.736,105.979,106.189
2020-03-06,106.162,106.343,104.995,105.475
2020-03-09,103.717,104.263,101.2,102.439
2020-03-10,102.443,105.922,102.402,105.0995
2020-03-11,105.1005,105.319,104.117,104.732
2020-03-12,104.732,106.086,103.096,104.792
2020-03-13,104.796,108.5025,104.51,107.609
2020-03-16,106.412,107.557,105.1515,106.271
2020-03-17,106.28,107.8615,106.0825,107.256
2020-03-18,107.252,108.653,106.757,108.011
2020-03-19,108.013,110.954,107.993,110.861
2020-03-20,110.861,111.505,109.336,110.766
2020-03-23,111.077,111.591,109.671,110.985
2020-03-24,110.987,111.71,110.095,111.202
2020-03-25,111.204,111.674,110.755,111.015
2020-03-26,111.017,111.038,109.21,109.333
2020-03-27,109.34,109.393,107.761,107.968
2020-03-30,107.7505,108.292,107.125,107.846
2020-03-31,107.846,108.729,107.4625,107.526
2020-04-01,107.532,107.942,106.925,107.134
2020-04-02,107.107,108.09,107.022,107.859
2020-04-03,107.873,108.674,107.816,108.419
2020-04-06,108.456,109.377,108.406,109.219
2020-04-07,109.214,109.279,108.677,108.771
2020-04-08,108.771,109.097,108.5075,108.849
2020-04-09,108.838,109.061,108.211,108.493
2020-04-13,108.455,108.527,107.502,107.728
2020-04-14,107.73,107.759,106.982,107.138
2020-04-15,107.138,107.853,106.932,107.405
2020-04-16,107.395,108.082,107.171,108.039
2020-04-17,108.038,108.08,107.305,107.582
2020-04-20,107.573,107.9495,107.499,107.642
2020-04-21,107.64,107.894,107.293,107.74
2020-04-22,107.767,107.937,107.516,107.745
2020-04-23,107.745,108.04,107.348,107.606
2020-04-24,107.565,107.756,107.382,107.405
2020-04-27,107.547,107.622,106.994,107.2595
2020-04-28,107.2595,107.3395,106.563,106.858
2020-04-29,106.874,106.894,106.363,106.634
2020-04-30,106.636,107.5,106.408,107.1625
2020-05-01,107.1625,107.4055,106.608,106.851
2020-05-04,106.836,107.07,106.636,106.762
2020-05-05,106.763,106.895,106.419,106.561
2020-05-06,106.546,106.563,105.995,106.086
2020-05-07,106.086,106.657,105.992,106.303
2020-05-08,106.303,106.731,106.224,106.731
2020-05-11,106.678,107.769,106.655,107.653
2020-05-12,107.652,107.694,107.123,107.195
2020-05-13,107.196,107.279,106.744,107.063
2020-05-14,107.065,107.365,106.778,107.227
2020-05-15,107.229,107.433,106.864,107.22
2020-05-18,107.128,107.5035,107.07,107.31
2020-05-19,107.3115,108.085,107.2955,107.742
2020-05-20,107.7465,107.9845,107.337,107.56
2020-05-21,107.557,107.848,107.524,107.663
2020-05-22,107.662,107.762,107.328,107.6
2020-05-25,107.59,107.782,107.59,107.736
2020-05-26,107.731,107.924,107.4015,107.543
2020-05-27,107.545,107.947,107.3675,107.722
2020-05-28,107.716,107.897,107.576,107.63
2020-05-29,107.63,107.889,107.086,107.838
2020-06-01,107.712,107.853,107.38,107.656
2020-06-02,107.658,108.772,107.515,108.644
2020-06-03,108.643,108.98,108.426,108.909
2020-06-04,108.909,109.197,108.624,109.116
2020-06-05,109.116,109.849,109.049,109.662
2020-06-08,109.633,109.694,108.24,108.424
2020-06-09,108.424,108.545,107.622,107.724
2020-06-10,107.723,107.874,107.003,107.116
2020-06-11,107.115,107.233,106.581,106.819
2020-06-12,106.8175,107.548,106.5855,107.374
2020-06-15,107.409,107.571,107.001,107.342
2020-06-16,107.376,107.634,107.214,107.318
2020-06-17,107.318,107.442,106.959,107.011
2020-06-18,107.011,107.127,106.671,106.962
2020-06-19,106.95,107.059,106.77,106.804
2020-06-22,106.798,107.01,106.775,106.917
2020-06-23,106.92,107.22,106.08,106.49
2020-06-24,106.491,107.071,106.386,107.034
2020-06-25,107.028,107.448,107.01,107.184
2020-06-26,107.19,107.354,106.802,107.193
2020-06-29,107.136,107.882,107.047,107.576
2020-06-30,107.575,107.984,107.523,107.963
2020-07-01,107.959,108.163,107.364,107.459
2020-07-02,107.461,107.721,107.336,107.527
2020-07-03,107.517,107.568,107.437,107.4845
2020-07-06,107.518,107.774,107.258,107.374
2020-07-07,107.374,107.79,107.248,107.555
2020-07-08,107.547,107.711,107.204,107.265
2020-07-09,107.275,107.398,107.101,107.222
2020-07-10,107.221,107.265,106.658,106.942
2020-07-13,106.925,107.319,106.788,107.267
2020-07-14,107.268,107.426,107.12,107.248
2020-07-15,107.273,107.309,106.667,106.951
2020-07-16,106.946,107.4,106.834,107.263
2020-07-17,107.263,107.363,106.943,106.944
2020-07-20,107.088,107.515,107.016,107.253
2020-07-21,107.252,107.367,106.688,106.794
2020-07-22,106.792,107.289,106.715,107.145
2020-07-23,107.142,107.23,106.7115,106.8475
2020-07-24,106.8485,106.8865,105.6835,105.9705
2020-07-27,106.046,106.058,105.118,105.395
2020-07-28,105.391,105.682,104.958,105.071
2020-07-29,105.071,105.244,104.775,104.939
2020-07-30,104.939,105.29,104.682,104.79
2020-07-31,104.781,106.054,104.19,105.833
2020-08-03,105.829,106.469,105.582,106.006
2020-08-04,105.967,106.195,105.64,105.722
2020-08-05,105.727,105.8725,105.3215,105.6025
2020-08-06,105.6015,105.699,105.302,105.514
2020-08-07,105.514,106.056,105.485,105.954
2020-08-10,105.928,106.198,105.71,105.939
2020-08-11,105.938,106.6845,105.926,106.5235
2020-08-12,106.5245,107.0155,106.4415,106.873
2020-08-13,106.8745,107.049,106.569,106.938
2020-08-14,106.938,107.038,106.438,106.592
2020-08-17,106.618,106.655,105.945,106.04
2020-08-18,106.03,106.052,105.288,105.42
2020-08-19,105.42,106.152,105.104,106.057
2020-08-20,106.062,106.217,105.746,105.803
2020-08-21,105.803,106.07,105.447,105.823
2020-08-24,105.763,106.0025,105.69,105.981
2020-08-25,105.981,106.578,105.878,106.398
2020-08-26,106.399,106.557,105.957,106.012
2020-08-27,106.006,106.701,105.611,106.545
2020-08-28,106.551,106.945,105.203,105.376
2020-08-31,105.437,106.096,105.298,105.889
2020-09-01,105.896,106.154,105.597,105.947
2020-09-02,105.947,106.3015,105.855,106.1735
2020-09-03,106.1735,106.55,106.003,106.157
2020-09-04,106.1575,106.5,106.0575,106.229
2020-09-07,106.254,106.385,106.135,106.282
2020-09-08,106.291,106.382,105.862,105.952
2020-09-09,105.951,106.274,105.799,106.197
2020-09-10,106.192,106.297,105.985,106.15
2020-09-11,106.142,106.257,106.0595,106.0845
2020-09-14,106.11,106.166,105.551,105.714
2020-09-15,105.714,105.815,105.303,105.431
2020-09-16,105.426,105.437,104.8075,104.952
2020-09-17,104.951,105.171,104.529,104.77
2020-09-18,104.77,104.871,104.274,104.593
2020-09-21,104.535,104.839,104.003,104.677
2020-09-22,104.671,105.074,104.408,104.936
2020-09-23,104.931,105.488,104.929,105.346
2020-09-24,105.346,105.528,105.207,105.415
2020-09-25,105.41,105.7,105.243,105.611
2020-09-28,105.657,105.6645,105.265,105.5185
2020-09-29,105.5185,105.734,105.3435,105.656
2020-09-30,105.6445,105.8045,105.407,105.439
2020-10-01,105.439,105.728,105.406,105.555
2020-10-02,105.555,105.667,104.945,105.3855
2020-10-05,105.501,105.7965,105.407,105.733
2020-10-06,105.734,105.7845,105.474,105.629
2020-10-07,105.626,106.108,105.608,106
2020-10-08,106.001,106.101,105.926,106.024
2020-10-09,106.024,106.04,105.583,105.607
2020-10-12,105.747,105.747,105.243,105.32
2020-10-13,105.325,105.628,105.286,105.497
2020-10-14,105.485,105.515,105.0375,105.1165
2020-10-15,105.1145,105.4945,105.1115,105.4155
2020-10-16,105.4155,105.441,105.197,105.395
2020-10-19,105.384,105.503,105.303,105.438
2020-10-20,105.438,105.747,105.422,105.473
2020-10-21,105.473,105.525,104.3415,104.5645
2020-10-22,104.5645,104.923,104.477,104.855
2020-10-23,104.862,104.937,104.552,104.707
2020-10-26,104.703,105.055,104.657,104.885
2020-10-27,104.885,104.885,104.392,104.509
2020-10-28,104.509,104.557,104.115,104.302
2020-10-29,104.302,104.728,104.028,104.623
2020-10-30,104.622,104.743,104.128,104.672
2020-11-02,104.641,104.949,104.564,104.753
2020-11-03,104.754,104.801,104.439,104.606
2020-11-04,104.603,105.343,104.153,104.514
2020-11-05,104.508,104.509,103.445,103.622
2020-11-06,103.593,103.76,103.179,103.298
2020-11-09,103.285,105.643,103.226,105.257
2020-11-10,105.284,105.488,104.822,105.261
2020-11-11,105.263,105.677,105.008,105.422
2020-11-12,105.423,105.479,105.072,105.129
2020-11-13,105.131,105.148,104.564,104.633
2020-11-16,104.663,105.131,104.364,104.585
2020-11-17,104.585,104.585,104.072,104.193
2020-11-18,104.192,104.197,103.653,103.832
2020-11-19,103.822,104.2165,103.72,103.7835
2020-11-20,103.7845,103.9105,103.705,103.822
2020-11-23,103.822,104.637,103.685,104.499
2020-11-24,104.5,104.761,104.153,104.481
2020-11-25,104.481,104.599,104.26,104.4525
2020-11-26,104.4525,104.4555,104.22,104.266
2020-11-27,104.266,104.271,103.911,104.0565
2020-11-30,104.069,104.41,103.838,104.349
2020-12-01,104.349,104.579,104.185,104.321
2020-12-02,104.3215,104.75,104.2265,104.428
2020-12-03,104.429,104.535,103.676,103.864
2020-12-04,103.864,104.244,103.742,104.173
2020-12-07,104.188,104.313,103.923,104.047
2020-12-08,104.041,104.206,103.957,104.159
2020-12-09,104.159,104.406,104.056,104.288
2020-12-10,104.286,104.579,104.175,104.24
2020-12-11,104.24,104.27,103.825,104.038
2020-12-14,103.947,104.102,103.513,104.026
2020-12-15,104.024,104.151,103.608,103.685
2020-12-16,103.678,103.917,103.263,103.449
2020-12-17,103.448,103.561,102.8805,103.1125
2020-12-18,103.1145,103.595,103.1075,103.3175
2020-12-21,103.391,103.889,103.256,103.341
2020-12-22,103.337,103.733,103.282,103.624
2020-12-23,103.627,103.653,103.362,103.544
2020-12-24,103.545,103.764,103.505,103.6875
2020-12-28,103.569,103.899,103.406,103.776
2020-12-29,103.775,103.806,103.465,103.554
2020-12-30,103.554,103.584,102.962,103.215
2020-12-31,103.22,103.3085,102.997,103.2885
2021-01-04,103.219,103.316,102.714,103.127
2021-01-05,103.127,103.19,102.607,102.718
2021-01-06,102.712,103.444,102.598,103.068
2021-01-07,103.068,103.957,102.955,103.848
2021-01-08,103.849,104.09,103.61,103.958
2021-01-11,103.939,104.398,103.919,104.218
2021-01-12,104.217,104.333,103.723,103.783
2021-01-13,103.774,103.994,103.527,103.87
2021-01-14,103.871,104.198,103.565,103.824
2021-01-15,103.824,103.895,103.619,103.89
2021-01-18,103.843,103.931,103.639,103.698
2021-01-19,103.698,104.085,103.654,103.917
2021-01-20,103.92,103.927,103.453,103.575
2021-01-21,103.568,103.668,103.33,103.508
2021-01-22,103.5105,103.885,103.4865,103.826
2021-01-25,103.82,103.938,103.675,103.769
2021-01-26,103.769,103.828,103.556,103.64
2021-01-27,103.638,104.201,103.589,104.075
2021-01-28,104.074,104.462,104.074,104.229
2021-01-29,104.229,104.939,104.225,104.751
2021-02-01,104.805,105.035,104.615,104.951
2021-02-02,104.95,105.174,104.83,105.003
2021-02-03,105.017,105.104,104.925,105.036
2021-02-04,105.036,105.566,104.976,105.527
2021-02-05,105.527,105.767,105.336,105.393
2021-02-08,105.399,105.672,105.152,105.238
2021-02-09,105.241,105.264,104.503,104.564
2021-02-10,104.564,104.841,104.414,104.617
2021-02-11,104.6165,104.805,104.553,104.753
2021-02-12,104.752,105.18,104.737,104.969
2021-02-15,104.979,105.419,104.947,105.3525
2021-02-16,105.3535,106.11,105.196,106.106
2021-02-17,106.101,106.221,105.78,105.8805
2021-02-18,105.879,105.925,105.599,105.692
2021-02-19,105.694,105.741,105.241,105.461
2021-02-22,105.505,105.841,104.985,105.067
2021-02-23,105.065,105.427,104.923,105.245
2021-02-24,105.247,106.106,105.198,105.872
2021-02-25,105.874,106.398,105.846,106.246
2021-02-26,106.25,106.6925,105.853,106.598
2021-03-01,106.553,106.889,106.367,106.776
2021-03-02,106.776,106.957,106.679,106.704
2021-03-03,106.703,107.153,106.7,107.009
2021-03-04,107.007,107.997,106.969,107.977
2021-03-05,107.976,108.636,107.821,108.351
2021-03-08,108.382,108.943,108.31,108.93
2021-03-09,108.924,109.233,108.417,108.522
2021-03-10,108.523,108.919,108.341,108.429
2021-03-11,108.429,108.813,108.358,108.532
2021-03-12,108.532,109.165,108.517,109.009
2021-03-15,109.085,109.359,108.916,109.148
2021-03-16,109.141,109.285,108.772,108.998
2021-03-17,108.998,109.326,108.705,108.857
2021-03-18,108.857,109.302,108.638,108.969
2021-03-19,108.969,109.125,108.611,108.88
2021-03-22,108.883,108.955,108.619,108.806
2021-03-23,108.806,108.873,108.408,108.622
2021-03-24,108.623,108.956,108.453,108.752
2021-03-25,108.751,109.237,108.731,109.164
2021-03-26,109.168,109.848,109.134,109.655
2021-03-29,109.714,109.8455,109.3735,109.8205
2021-03-30,109.8195,110.428,109.7595,110.3605
2021-03-31,110.3605,110.958,110.2765,110.731
2021-04-01,110.731,110.845,110.546,110.595
2021-04-05,110.678,110.749,109.963,110.152
2021-04-06,110.15,110.552,109.671,109.78
2021-04-07,109.78,109.942,109.582,109.845
2021-04-08,109.843,109.9,109.002,109.27
2021-04-09,109.27,109.959,109.218,109.648
2021-04-12,109.711,109.768,109.249,109.389
2021-04-13,109.389,109.753,109.02,109.054
2021-04-14,109.061,109.095,108.754,108.939
2021-04-15,108.939,108.9645,108.615,108.744
2021-04-16,108.744,108.966,108.615,108.783
2021-04-19,108.772,108.837,108.011,108.154
2021-04-20,108.154,108.543,107.979,108.081
2021-04-21,108.084,108.282,107.878,108.07
2021-04-22,108.066,108.229,107.822,107.96
2021-04-23,107.96,108.143,107.481,107.892
2021-04-26,107.949,108.197,107.646,108.095
2021-04-27,108.094,108.775,108.093,108.722
2021-04-28,108.709,109.076,108.562,108.603
2021-04-29,108.6,109.222,108.437,108.939
2021-04-30,108.938,109.342,108.715,109.293
2021-05-03,109.292,109.698,108.8945,109.063
2021-05-04,109.0645,109.488,109.0305,109.316
2021-05-05,109.315,109.472,109.148,109.202
2021-05-06,109.202,109.428,109.002,109.089
2021-05-07,109.085,109.289,108.336,108.604
2021-05-10,108.626,109.054,108.469,108.853
2021-05-11,108.854,108.982,108.35,108.615
2021-05-12,108.613,109.71,108.611,109.671
2021-05-13,109.669,109.785,109.4065,109.4545
2021-05-14,109.4545,109.6535,109.21,109.35
2021-05-17,109.281,109.502,109.076,109.21
2021-05-18,109.21,109.285,108.839,108.899
2021-05-19,108.899,109.337,108.573,109.193
2021-05-20,109.193,109.305,108.752,108.778
2021-05-21,108.777,109.002,108.613,108.902
2021-05-24,108.92,108.996,108.697,108.765
2021-05-25,108.769,109.066,108.566,108.7695
2021-05-26,108.77,109.177,108.7245,109.135
2021-05-27,109.132,109.924,109.038,109.823
2021-05-28,109.846,110.2,109.746,109.834
2021-05-31,109.841,109.937,109.355,109.582
2021-06-01,109.582,109.707,109.331,109.471
2021-06-02,109.472,109.884,109.455,109.563
2021-06-03,109.564,110.3225,109.554,110.299
2021-06-04,110.2975,110.3305,109.367,109.488
2021-06-07,109.514,109.637,109.192,109.256
2021-06-08,109.257,109.557,109.199,109.496
2021-06-09,109.486,109.657,109.226,109.625
2021-06-10,109.631,109.793,109.308,109.35
2021-06-11,109.35,109.8415,109.318,109.6565
2021-06-14,109.648,110.099,109.613,110.075
2021-06-15,110.076,110.168,109.988,110.053
2021-06-16,110.053,110.74,109.807,110.651
2021-06-17,110.65,110.821,110.167,110.261
2021-06-18,110.253,110.4845,109.9445,110.1585
2021-06-21,110.243,110.348,109.718,110.302
2021-06-22,110.301,110.79,110.213,110.658
2021-06-23,110.657,111.1,110.629,110.981
2021-06-24,110.98,111.111,110.692,110.847
2021-06-25,110.8695,110.9845,110.483,110.762
2021-06-28,110.801,110.974,110.5,110.613
2021-06-29,110.619,110.759,110.433,110.56
2021-06-30,110.566,111.121,110.422,111.097
2021-07-01,111.096,111.638,111.028,111.536
2021-07-02,111.534,111.659,110.952,111.025
2021-07-05,110.983,111.189,110.7985,110.9765
2021-07-06,110.9765,110.977,110.526,110.63
2021-07-07,110.63,110.816,110.399,110.636
2021-07-08,110.642,110.673,109.535,109.758
2021-07-09,109.759,110.259,109.758,110.117
2021-07-12,110.143,110.404,109.979,110.351
2021-07-13,110.344,110.65,110.199,110.622
2021-07-14,110.621,110.698,109.9365,109.964
2021-07-15,109.964,110.09,109.718,109.837
2021-07-16,109.833,110.342,109.734,110.054
2021-07-19,110.026,110.1,109.0655,109.4785
2021-07-20,109.479,109.956,109.333,109.87
2021-07-21,109.87,110.387,109.802,110.289
2021-07-22,110.288,110.353,110.016,110.1405
2021-07-23,110.1365,110.589,110.0885,110.5525
2021-07-26,110.541,110.585,110.118,110.383
2021-07-27,110.377,110.389,109.586,109.774
2021-07-28,109.775,110.288,109.747,109.939
2021-07-29,109.936,109.949,109.424,109.482
2021-07-30,109.479,109.828,109.363,109.714
2021-08-02,109.663,109.771,109.19,109.319
2021-08-03,109.318,109.345,108.881,109.052
2021-08-04,109.051,109.675,108.722,109.4805
2021-08-05,109.4795,109.7885,109.406,109.7675
2021-08-06,109.7675,110.3525,109.7005,110.2275
2021-08-09,110.259,110.355,110.027,110.316
2021-08-10,110.326,110.6,110.279,110.563
2021-08-11,110.554,110.801,110.31,110.43
2021-08-12,110.437,110.546,110.317,110.425
2021-08-13,110.425,110.456,109.549,109.559
2021-08-16,109.626,109.752,109.117,109.281
2021-08-17,109.281,109.656,109.123,109.577
2021-08-18,109.578,110.067,109.481,109.796
2021-08-19,109.794,110.22,109.484,109.761
2021-08-20,109.761,109.883,109.573,109.772
2021-08-23,109.759,110.147,109.654,109.682
2021-08-24,109.686,109.881,109.415,109.648
2021-08-25,109.651,110.126,109.651,110.012
2021-08-26,110.01,110.226,109.928,110.061
2021-08-27,110.062,110.266,109.781,109.827
2021-08-30,109.8535,109.9615,109.7035,109.9015
2021-08-31,109.9025,110.0805,109.5875,110.007
2021-09-01,110.0065,110.4195,109.8805,110.0245
2021-09-02,110.0235,110.1185,109.9175,109.9425
2021-09-03,109.9445,110.0735,109.5935,109.6945
2021-09-06,109.7755,109.9485,109.6925,109.842
2021-09-07,109.842,110.3195,109.6875,110.273
2021-09-08,110.272,110.4475,110.1435,110.2835
2021-09-09,110.2835,110.284,109.6215,109.7425
2021-09-10,109.743,109.9915,109.6985,109.8695
2021-09-13,109.8755,110.1595,109.8585,110.005
2021-09-14,110.0035,110.1625,109.5275,109.7035
2021-09-15,109.7045,109.7445,109.1135,109.3645
2021-09-16,109.365,109.8265,109.2145,109.7255
2021-09-17,109.726,110.0815,109.6685,109.9325
2021-09-20,109.949,110.0375,109.3235,109.4095
2021-09-21,109.4095,109.7065,109.1855,109.226
2021-09-22,109.2265,109.8995,109.1205,109.791
2021-09-23,109.79,110.3485,109.7665,110.3135
2021-09-24,110.314,110.7935,110.2545,110.7475
2021-09-27,110.7175,111.0665,110.5365,110.984
2021-09-28,110.985,111.6395,110.9355,111.51
2021-09-29,111.5055,112.0485,111.2065,111.9625
2021-09-30,111.9625,112.0785,111.2405,111.2945
2021-10-01,111.2965,111.4885,110.9075,111.026
2021-10-04,110.942,111.303,110.826,110.9155
2021-10-05,110.9155,111.559,110.873,111.477
2021-10-06,111.4745,111.785,111.202,111.421
2021-10-07,111.422,111.649,111.236,111.6235
2021-10-08,111.624,112.248,111.521,112.212
2021-10-11,112.2345,113.412,112.177,113.3295
2021-10-12,113.334,113.786,113.003,113.611
2021-10-13,113.611,113.797,113.228,113.2575
2021-10-14,113.258,113.716,113.214,113.6725
2021-10-15,113.6695,114.46,113.6675,114.209
2021-10-18,114.261,114.45,114.016,114.319
2021-10-19,114.319,114.397,113.886,114.3775
2021-10-20,114.3715,114.695,114.086,114.343
2021-10-21,114.341,114.415,113.654,114.008
2021-10-22,114.009,114.207,113.416,113.442
2021-10-25,113.5435,113.921,113.466,113.7085
2021-10-26,113.712,114.308,113.695,114.1535
2021-10-27,114.1515,114.221,113.391,113.8185
2021-10-28,113.825,113.865,113.258,113.569
2021-10-29,113.565,114.095,113.397,113.977
2021-11-01,114.142,114.442,113.94,114.046
2021-11-02,114.047,114.134,113.463,113.966
2021-11-03,113.966,114.215,113.722,113.987
2021-11-04,113.989,114.277,113.513,113.823
2021-11-05,113.824,114.021,113.302,113.404
2021-11-08,113.4325,113.666,113.083,113.256
2021-11-09,113.248,113.29,112.728,112.8985
2021-11-10,112.8975,114.009,112.777,113.8965
2021-11-11,113.875,114.143,113.809,114.0645
2021-11-12,114.065,114.3,113.762,113.881
2021-11-15,113.977,114.198,113.76,114.14
2021-11-16,114.1365,114.849,114.105,114.8355
2021-11-17,114.8355,114.969,113.938,114.161
2021-11-18,114.1565,114.479,113.882,114.257
2021-11-19,114.2565,114.541,113.593,113.996
2021-11-22,114.03,114.959,114.022,114.8485
2021-11-23,114.852,115.176,114.528,115.1095
2021-11-24,115.1095,115.516,114.828,115.4255
2021-11-25,115.4255,115.46,115.243,115.348
2021-11-26,115.349,115.372,113.054,113.2485
2021-11-29,113.4995,113.953,112.995,113.632
2021-11-30,113.63,113.892,112.539,113.188
2021-12-01,113.187,113.628,112.667,112.8305
2021-12-02,112.8305,113.323,112.708,113.2025
2021-12-03,113.1915,113.61,112.561,112.773
2021-12-06,112.8965,113.552,112.855,113.5015
2021-12-07,113.495,113.779,113.408,113.571
2021-12-08,113.57,113.951,113.312,113.7455
2021-12-09,113.7455,113.811,113.277,113.472
2021-12-10,113.473,113.789,113.227,113.42
2021-12-13,113.4265,113.725,113.386,113.582
2021-12-14,113.58,113.758,113.429,113.7465
2021-12-15,113.7465,114.259,113.63,114.0485
2021-12-16,114.045,114.248,113.562,113.718
2021-12-17,113.7165,113.856,113.149,113.746
2021-12-20,113.694,113.73,113.328,113.629
2021-12-21,113.628,114.219,113.561,114.0785
2021-12-22,114.078,114.371,113.951,114.1185
2021-12-23,114.1185,114.468,114.1,114.4385
2021-12-24,114.4385,114.515,114.304,114.348
2021-12-27,114.3715,114.914,114.313,114.8805
2021-12-28,114.877,114.949,114.709,114.814
2021-12-29,114.81,115.038,114.673,114.989
2021-12-30,114.99,115.205,114.944,115.0695
2021-12-31,115.0685,115.196,115.005,115.096
2022-01-03,115.11,115.364,114.958,115.3415
2022-01-04,115.343,116.344,115.293,116.143
2022-01-05,116.144,116.243,115.622,116.1275
2022-01-06,116.1275,116.185,115.633,115.8535
2022-01-07,115.8545,116.048,115.55,115.562
2022-01-10,115.6155,115.851,115.048,115.22
2022-01-11,115.217,115.68,115.127,115.324
2022-01-12,115.325,115.466,114.384,114.685
2022-01-13,114.6815,114.705,114.001,114.184
2022-01-14,114.185,114.228,113.483,114.19
2022-01-17,114.23,114.65,114.2245,114.606
2022-01-18,114.6035,115.053,114.45,114.606
2022-01-19,114.601,114.782,114.208,114.361
2022-01-20,114.364,114.546,113.965,114.111
2022-01-21,114.113,114.123,113.608,113.651
2022-01-24,113.6745,114,113.481,113.968
2022-01-25,113.9665,114.155,113.671,113.8595
2022-01-26,113.8585,114.694,113.779,114.675
2022-01-27,114.6735,115.489,114.476,115.3145
2022-01-28,115.314,115.683,115.126,115.245
2022-01-31,115.3175,115.592,114.925,115.119
2022-02-01,115.12,115.192,114.569,114.6965
2022-02-02,114.7,114.804,114.1835,114.446
2022-02-03,114.4455,114.989,114.329,114.9715
2022-02-04,114.9705,115.427,114.777,115.192
2022-02-07,115.278,115.378,114.915,115.0865
2022-02-08,115.088,115.626,115.057,115.5525
2022-02-09,115.5535,115.6695,115.326,115.5525
2022-02-10,115.5475,116.335,115.484,116.047
2022-02-11,116.048,116.17,115.027,115.294
2022-02-14,115.447,115.748,115.011,115.545
2022-02-15,115.545,115.862,115.26,115.623
2022-02-16,115.6265,115.785,115.356,115.474
2022-02-17,115.467,115.536,114.849,114.9585
2022-02-18,114.948,115.298,114.791,115.084
2022-02-21,114.982,115.119,114.6725,114.701
2022-02-22,114.702,115.24,114.501,115.0615
2022-02-23,115.0625,115.201,114.927,114.9905
2022-02-24,114.9905,115.694,114.412,115.511
2022-02-25,115.5085,115.761,115.151,115.533
2022-02-28,115.5155,115.738,114.865,115.001
2022-03-01,115.0025,115.289,114.702,114.9065
2022-03-02,114.905,115.686,114.796,115.518
2022-03-03,115.522,115.807,115.385,115.47
2022-03-04,115.468,115.545,114.652,114.814
2022-03-07,114.9155,115.473,114.83,115.338
2022-03-08,115.334,115.79,115.279,115.674
2022-03-09,115.679,115.943,115.565,115.8765
2022-03-10,115.876,116.197,115.818,116.135
2022-03-11,116.1355,117.348,116.1355,117.251
2022-03-14,117.521,118.303,117.46,118.277
2022-03-15,118.285,118.45,117.711,118.319
2022-03-16,118.313,119.109,118.181,118.853
2022-03-17,118.853,119.025,118.369,118.558
2022-03-18,118.558,119.397,118.473,119.1535
2022-03-21,119.282,119.499,119.107,119.474
2022-03-22,119.474,121.289,119.472,121.191
2022-03-23,121.188,121.398,120.599,121.096
2022-03-24,121.101,122.423,120.959,122.387
2022-03-25,122.386,122.437,121.21,122.091
2022-03-28,122.0405,125.0495,122.0235,123.894
2022-03-29,123.884,124.301,122.008,122.8845
2022-03-30,122.8875,123.207,121.324,121.8765
2022-03-31,121.8765,122.451,121.288,121.686
2022-04-01,121.687,123.027,121.687,122.538
2022-04-04,122.5575,122.948,122.289,122.793
2022-04-05,122.7925,123.669,122.403,123.6045
2022-04-06,123.5975,124.053,123.504,123.792
2022-04-07,123.798,124.001,123.474,123.9655
2022-04-08,123.965,124.678,123.675,124.353
2022-04-11,124.2135,125.763,124.1955,125.4035
2022-04-12,125.412,125.758,124.78,125.383
2022-04-13,125.3745,126.302,125.349,125.6905
2022-04-14,125.69,126.016,125.088,125.9305
2022-04-18,126.4415,127.0935,126.259,127.089
2022-04-19,127.0945,128.973,127.006,128.9395
2022-04-20,128.9455,129.401,127.46,127.972
2022-04-21,127.9565,128.7,127.823,128.414
2022-04-22,128.4125,129.105,127.788,128.542
2022-04-25,128.5365,128.857,127.529,128.1535
2022-04-26,128.156,128.2255,127.03,127.22
2022-04-27,127.2105,128.591,126.952,128.4855
2022-04-28,128.4615,131.25,128.343,130.859
2022-04-29,130.8475,130.956,129.321,129.763
2022-05-02,129.896,130.48,129.616,130.2145
2022-05-03,130.2155,130.291,129.715,130.128
2022-05-04,130.129,130.3755,128.658,129.1855
2022-05-05,129.1795,130.55,128.757,130.2065
2022-05-06,130.21,130.806,130.098,130.545
2022-05-09,130.5605,131.346,130.118,130.366
2022-05-10,130.372,130.578,129.802,130.438
2022-05-11,130.437,130.802,129.462,129.97
2022-05-12,129.979,130.051,127.53,128.434
2022-05-13,128.435,129.451,128.353,129.326
2022-05-16,129.387,129.633,128.707,129.0795
2022-05-17,129.0745,129.78,128.832,129.3655
2022-05-18,129.369,129.537,128.009,128.3185
2022-05-19,128.312,128.945,127.032,127.754
2022-05-20,127.764,128.296,127.532,127.858
2022-05-23,127.8705,128.0575,127.157,127.9025
2022-05-24,127.9005,128.075,126.369,126.8545
2022-05-25,126.847,127.494,126.656,127.2545
2022-05-26,127.259,127.578,126.556,127.1215
2022-05-27,127.122,127.249,126.679,127.13
2022-05-30,127.126,127.817,126.866,127.64
2022-05-31,127.6415,128.892,127.534,128.7015
2022-06-01,128.701,130.187,128.651,130.148
2022-06-02,130.1405,130.238,129.519,129.872
2022-06-03,129.8665,130.979,129.687,130.853
2022-06-06,130.9195,132.009,130.433,131.91
2022-06-07,131.9015,133,131.896,132.639
2022-06-08,132.6385,134.468,132.605,134.236
2022-06-09,134.2225,134.549,133.204,134.398
2022-06-10,134.397,134.475,133.375,134.382
2022-06-13,134.427,135.1635,133.595,134.4195
2022-06-14,134.4195,135.577,133.877,135.566
2022-06-15,135.565,135.577,133.509,133.85
2022-06-16,133.845,134.678,131.501,132.323
2022-06-17,132.327,135.426,132.183,134.976
2022-06-20,134.9965,135.437,134.541,135.107
2022-06-21,135.1065,136.702,134.927,136.672
2022-06-22,136.665,136.7135,135.705,136.162
2022-06-23,136.1715,136.199,134.27,134.9475
2022-06-24,134.947,135.4,134.357,135.203
2022-06-27,135.1795,135.549,134.524,135.451
2022-06-28,135.449,136.378,135.114,136.1385
2022-06-29,136.1395,137.001,135.797,136.5635
2022-06-30,136.5795,136.807,135.554,135.745
2022-07-01,135.745,135.983,134.751,135.298
2022-07-04,135.2635,135.776,134.788,135.746
2022-07-05,135.744,136.363,135.533,135.8425
2022-07-06,135.8415,136.003,134.957,135.929
2022-07-07,135.928,136.219,135.556,136.024
2022-07-08,136.018,136.56,135.344,136.062
2022-07-11,136.139,137.751,136.108,137.436
2022-07-12,137.433,137.523,136.491,136.869
2022-07-13,136.8365,137.862,136.698,137.4145
2022-07-14,137.4155,139.389,137.3315,138.985
2022-07-15,138.984,139.126,138.405,138.526
2022-07-18,138.58,138.5975,137.89,138.145
2022-07-19,138.141,138.394,137.385,138.184
2022-07-20,138.1735,138.374,137.906,138.2475
2022-07-21,138.251,138.877,137.303,137.384
2022-07-22,137.3815,137.953,135.572,135.994
2022-07-25,136.1685,136.791,135.891,136.662
2022-07-26,136.663,136.968,136.283,136.916
2022-07-27,136.915,137.459,136.332,136.579
2022-07-28,136.577,136.5855,134.206,134.324
2022-07-29,134.32,134.677,132.514,133.36
2022-08-01,133.217,133.56,131.604,131.663
2022-08-02,131.662,133.2095,130.4025,133.1815
2022-08-03,133.208,134.546,132.3105,133.8415
2022-08-04,133.8415,134.414,132.774,133.0195
2022-08-05,133.0115,135.495,132.531,135.048
2022-08-08,135.1125,135.552,134.374,134.9935
2022-08-09,134.971,135.202,134.677,135.0995
2022-08-10,135.0995,135.3,132.043,132.8705
2022-08-11,132.8695,133.307,131.7345,133.01
2022-08-12,133.01,133.892,132.888,133.487
2022-08-15,133.5015,133.596,132.56,133.2825
2022-08-16,133.2825,134.679,132.957,134.239
2022-08-17,134.24,135.498,133.916,135.1055
2022-08-18,135.1055,135.902,134.653,135.879
2022-08-19,135.8795,137.224,135.722,136.791
2022-08-22,136.848,137.649,136.712,137.5045
2022-08-23,137.498,137.712,135.823,136.741
2022-08-24,136.7275,137.242,136.176,137.1095
2022-08-25,137.112,137.201,136.322,136.495
2022-08-26,136.491,137.484,136.3025,137.456
2022-08-29,137.612,139,137.5785,138.7275
2022-08-30,138.721,139.068,138.054,138.7755
2022-08-31,138.775,139.097,138.277,139.089
2022-09-01,139.0855,140.2355,139.028,140.2205
2022-09-02,140.2235,140.799,139.875,140.24
2022-09-05,140.174,140.656,140.125,140.5835
2022-09-06,140.5835,143.071,140.254,142.775
2022-09-07,142.779,144.989,142.7685,143.7475
2022-09-08,143.7485,144.537,143.328,144.119
2022-09-09,144.123,144.123,141.506,142.693
2022-09-12,142.4135,143.495,142.163,142.8155
2022-09-13,142.8155,144.691,141.703,144.689
2022-09-14,144.6855,144.961,142.557,143.148
2022-09-15,143.1415,143.802,142.802,143.4845
2022-09-16,143.486,143.693,142.842,142.913
2022-09-19,142.9525,143.643,142.652,143.2435
2022-09-20,143.242,143.919,142.947,143.732
2022-09-21,143.7325,144.6985,143.354,144.077
2022-09-22,144.075,145.893,140.352,142.339
2022-09-23,142.339,143.463,141.766,143.299
2022-09-26,143.5115,144.788,143.254,144.69
2022-09-27,144.69,144.905,144.072,144.7925
2022-09-28,144.794,144.869,143.912,144.1005
2022-09-29,144.101,144.797,144.096,144.47
2022-09-30,144.4725,144.807,144.207,144.722
2022-10-03,144.702,145.208,144.16,144.6145
2022-10-04,144.6145,144.936,143.9,144.2355
2022-10-05,144.236,144.844,143.532,144.6095
2022-10-06,144.5875,145.141,144.387,145.094
2022-10-07,145.1205,145.443,144.728,145.36
2022-10-10,145.3755,145.804,145.238,145.719
2022-10-11,145.714,145.898,145.429,145.8045
2022-10-12,145.807,146.966,145.731,146.869
2022-10-13,146.8675,147.659,146.4915,147.171
2022-10-14,147.189,148.858,147.098,148.61
2022-10-17,148.522,149.084,148.439,148.9885
2022-10-18,148.9885,149.326,148.267,149.198
2022-10-19,149.185,149.9095,149.0985,149.8585
2022-10-20,149.8415,150.283,149.556,150.134
2022-10-21,150.131,151.944,146.2165,147.629
2022-10-24,148.091,149.678,145.581,149.038
2022-10-25,149.04,149.099,147.525,148.094
2022-10-26,148.0855,148.413,146.228,146.387
2022-10-27,146.3795,146.9375,145.119,146.2945
2022-10-28,146.294,147.862,146.004,147.425
2022-10-31,147.719,148.844,147.62,148.684
2022-11-01,148.684,148.818,146.994,148.167
2022-11-02,148.166,148.181,145.6825,147.926
2022-11-03,147.935,148.449,147.114,148.171
2022-11-04,148.164,148.405,146.56,146.661
2022-11-07,146.977,147.559,146.098,146.611
2022-11-08,146.5795,146.934,145.313,145.672
2022-11-09,145.67,146.796,145.203,146.441
2022-11-10,146.4365,146.588,140.208,141.703
2022-11-11,141.703,142.483,138.476,138.672
2022-11-14,139.7205,140.803,138.825,140.066
2022-11-15,140.043,140.608,137.6895,139.2985
2022-11-16,139.295,140.294,138.746,139.495
2022-11-17,139.513,140.739,138.881,140.29
2022-11-18,140.28,140.498,139.636,140.396
2022-11-21,140.3795,142.253,140.166,142.105
2022-11-22,142.1035,142.242,141.088,141.199
2022-11-23,141.1995,141.6,139.186,139.5855
2022-11-24,139.5815,139.5815,138.072,138.5865
2022-11-25,138.578,139.592,138.384,139.0595
2022-11-28,139.27,139.424,137.502,138.909
2022-11-29,138.909,139.353,137.868,138.6785
2022-11-30,138.6815,139.894,137.655,138.085
2022-12-01,138.0855,138.0855,135.213,135.329
2022-12-02,135.329,135.98,133.635,134.315
2022-12-05,134.361,136.853,134.137,136.738
2022-12-06,136.729,137.422,135.973,136.998
2022-12-07,137.0015,137.854,136.22,136.442
2022-12-08,136.462,137.238,136.258,136.6535
2022-12-09,136.6505,136.893,135.606,136.695
2022-12-12,136.595,137.85,136.57,137.553
2022-12-13,137.557,137.953,134.667,135.489
2022-12-14,135.4795,135.99,134.6085,135.43
2022-12-15,135.442,138.173,135.243,137.752
2022-12-16,137.752,137.797,136.3,136.698
2022-12-19,136.1795,137.157,135.761,136.8905
2022-12-20,136.887,137.472,130.586,131.7675
2022-12-21,131.758,132.521,131.517,132.3675
2022-12-22,132.3565,132.7,131.653,132.4025
2022-12-23,132.3945,133.14,132.159,132.884
2022-12-27,132.917,133.596,132.636,133.477
2022-12-28,133.479,134.5,133.405,134.304
2022-12-29,134.312,134.357,132.885,133.0265
2022-12-30,133.023,133.095,130.786,131.279
2023-01-02,130.8545,131.045,130.62,130.741
2023-01-03,130.743,131.394,129.524,130.999
2023-01-04,130.999,132.7175,129.928,132.393
2023-01-05,132.41,134.055,131.706,133.418
2023-01-06,133.426,134.765,132.005,132.103
2023-01-09,132.121,132.656,131.31,131.8975
2023-01-10,131.895,132.479,131.392,132.19
2023-01-11,132.177,132.873,132.068,132.429
2023-01-12,132.429,132.429,128.882,129.3015
2023-01-13,129.3165,129.4265,127.472,127.883
2023-01-16,127.7805,128.864,127.239,128.462
2023-01-17,128.4615,129.1485,127.993,128.2225
2023-01-18,128.2225,131.58,127.582,128.766
2023-01-19,128.763,128.844,127.772,128.4215
2023-01-20,128.426,130.613,128.353,129.583
2023-01-23,129.618,130.888,129.054,130.6065
2023-01-24,130.613,131.115,129.732,130.1615
2023-01-25,130.1575,130.586,129.281,129.507
2023-01-26,129.506,130.615,129.031,130.1685
2023-01-27,130.156,130.266,129.505,129.877
2023-01-30,129.8295,130.568,129.209,130.38
2023-01-31,130.38,130.527,129.753,130.0905
2023-02-01,130.0895,130.407,128.554,128.9245
2023-02-02,128.9225,129.117,128.086,128.644
2023-02-03,128.6495,131.191,128.332,131.144
2023-02-06,131.8895,132.902,131.517,132.623
2023-02-07,132.6225,132.71,130.487,131.0695
2023-02-08,131.0625,131.534,130.605,131.35
2023-02-09,131.3495,131.824,130.346,131.473
2023-02-10,131.474,131.894,129.809,131.413
2023-02-13,131.4385,132.911,131.4075,132.4195
2023-02-14,132.4175,133.314,131.5585,133.079
2023-02-15,133.09,134.356,132.548,134.021
2023-02-16,134.015,134.462,133.605,133.9785
2023-02-17,133.9835,135.102,133.9835,134.191
2023-02-20,134.2665,134.536,133.933,134.268
2023-02-21,134.2655,135.227,134.155,134.954
2023-02-22,134.9635,135.056,134.369,134.886
2023-02-23,134.886,135.363,134.489,134.689
2023-02-24,134.6885,136.521,134.075,136.416
2023-02-27,136.3755,136.5515,135.918,136.2015
2023-02-28,136.203,136.913,135.75,136.2115
2023-03-01,136.2105,136.464,135.261,136.123
2023-03-02,136.1195,137.092,136.024,136.7245
2023-03-03,136.721,136.768,135.747,135.831
2023-03-06,135.896,136.186,135.384,135.944
2023-03-07,135.94,137.194,135.55,137.115
2023-03-08,137.1155,137.898,136.487,137.2785
2023-03-09,137.269,137.291,135.948,136.163
2023-03-10,136.1675,136.99,134.119,134.86
2023-03-13,134.4365,135.037,132.298,133.211
2023-03-14,133.209,134.898,133.039,134.242
2023-03-15,134.242,135.112,132.2235,133.344
2023-03-16,133.344,133.826,131.729,133.483
2023-03-17,133.482,133.58,131.577,131.846
2023-03-20,132.166,132.642,130.543,131.411
2023-03-21,131.411,132.621,131.042,132.35
2023-03-22,132.349,133.002,131.009,131.479
2023-03-23,131.472,131.659,130.326,130.838
2023-03-24,130.837,130.935,129.649,130.7145
2023-03-27,130.583,131.755,130.507,131.5515
2023-03-28,131.553,131.5675,130.419,130.8575
2023-03-29,130.861,132.889,130.762,132.7445
2023-03-30,132.748,132.963,132.212,132.6755
2023-03-31,132.676,133.587,132.591,132.76
2023-04-03,133.277,133.755,132.206,132.4225
2023-04-04,132.4145,133.162,131.531,131.737
2023-04-05,131.723,131.846,130.652,131.254
2023-04-06,131.254,131.892,130.794,131.71
2023-04-10,132.16,133.87,131.83,133.59
2023-04-11,133.591,133.804,132.977,133.665
2023-04-12,133.664,134.044,132.745,133.135
2023-04-13,133.11,133.389,132.033,132.5735
2023-04-14,132.5755,133.838,132.172,133.764
2023-04-17,133.8195,134.573,133.715,134.456
2023-04-18,134.4445,134.704,133.867,134.084
2023-04-19,134.0875,135.072,133.957,134.625
2023-04-20,134.6285,134.971,134.015,134.2195
2023-04-21,134.2245,134.49,133.552,134.076
2023-04-24,134.028,134.731,133.895,134.1985
2023-04-25,134.1905,134.478,133.375,133.7335
2023-04-26,133.7275,133.9255,133.018,133.636
2023-04-27,133.639,134.194,133.249,133.902
2023-04-28,133.904,136.552,133.432,136.242
2023-05-01,136.223,137.538,136.192,137.4905
2023-05-02,137.4775,137.775,136.319,136.552
2023-05-03,136.5505,136.574,134.566,134.615
2023-05-04,134.6185,134.877,133.504,134.2445
2023-05-05,134.2605,135.116,133.888,134.853
2023-05-08,134.8605,135.295,134.658,135.077
2023-05-09,135.061,135.35,134.724,135.2205
2023-05-10,135.217,135.466,134.116,134.307
2023-05-11,134.305,134.844,133.752,134.5165
2023-05-12,134.5175,135.746,134.406,135.698
2023-05-15,135.7565,136.326,135.6955,136.093
2023-05-16,136.086,136.684,135.69,136.375
2023-05-17,136.375,137.71,136.308,137.5675
2023-05-18,137.568,138.748,137.291,138.6815
2023-05-19,138.675,138.688,137.434,137.965
2023-05-22,137.998,138.686,137.497,138.5855
2023-05-23,138.5865,138.908,138.249,138.54
2023-05-24,138.536,139.476,138.233,139.3715
2023-05-25,139.365,140.221,138.913,140.064
2023-05-26,140.0665,140.724,139.498,140.57
2023-05-29,140.6765,140.917,140.114,140.383
2023-05-30,140.385,140.925,139.576,139.7905
2023-05-31,139.7895,140.374,139.236,139.325
2023-06-01,139.3345,139.948,138.461,138.8265
2023-06-02,138.835,140.07,138.608,139.981
2023-06-05,139.973,140.453,139.253,139.554
2023-06-06,139.557,139.994,139.102,139.64
2023-06-07,139.636,140.248,139.032,140.132
2023-06-08,140.1285,140.215,138.811,138.9045
2023-06-09,138.9085,139.725,138.77,139.447
2023-06-12,139.437,139.768,139.067,139.595
2023-06-13,139.592,140.306,139.019,140.2105
2023-06-14,140.208,140.27,139.291,140.0455
2023-06-15,140.0475,141.502,139.945,140.288
2023-06-16,140.287,141.886,139.856,141.842
2023-06-19,141.8075,142.001,141.443,141.9435
2023-06-20,141.9445,142.246,141.215,141.3995
2023-06-21,141.392,142.359,141.286,141.853
2023-06-22,141.8595,143.227,141.612,143.0885
2023-06-23,143.089,143.872,142.7275,143.792
2023-06-26,143.63,143.72,142.946,143.4785
2023-06-27,143.483,144.169,143.287,144.0375
2023-06-28,144.031,144.613,143.742,144.383
2023-06-29,144.389,144.9,144.137,144.756
2023-06-30,144.7525,145.068,144.215,144.271
2023-07-03,144.3015,144.914,144.005,144.6605
2023-07-04,144.66,144.702,144.207,144.457
2023-07-05,144.4595,144.731,144.082,144.5715
2023-07-06,144.5715,144.65,143.559,144.0415
2023-07-07,144.0425,144.195,142.086,142.122
2023-07-10,142.157,142.999,141.28,141.332
2023-07-11,141.3365,141.461,140.161,140.3635
2023-07-12,140.356,140.356,138.167,138.4365
2023-07-13,138.437,138.953,137.925,138.077
2023-07-14,138.051,139.152,137.268,138.9
2023-07-17,138.724,139.403,138.013,138.7065
2023-07-18,138.709,139.131,137.745,138.8275
2023-07-19,138.827,139.993,138.767,139.615
2023-07-20,139.6165,140.495,139.116,140.0655
2023-07-21,140.0645,141.954,139.754,141.77
2023-07-24,141.733,141.808,140.785,141.4535
2023-07-25,141.4535,141.738,140.855,140.9355
2023-07-26,140.9405,141.181,139.945,140.2045
2023-07-27,140.198,141.297,138.77,139.4445
2023-07-28,139.439,141.153,138.066,141.09
2023-07-31,141.061,142.661,140.699,142.2805
2023-08-01,142.2735,143.545,142.214,142.8075
2023-08-02,142.7765,143.469,142.239,143.299
2023-08-03,143.298,143.89,142.068,142.5345
2023-08-04,142.5245,142.922,141.553,141.815
2023-08-07,141.7425,142.577,141.526,142.4825
2023-08-08,142.483,143.488,142.408,143.3545
2023-08-09,143.3425,143.75,143.003,143.68
2023-08-10,143.6815,144.817,143.3055,144.701
2023-08-11,144.7005,144.997,144.424,144.942
2023-08-14,144.974,145.576,144.6845,145.5515
2023-08-15,145.548,145.865,145.107,145.566
2023-08-16,145.569,146.408,145.311,146.28
2023-08-17,146.278,146.543,145.622,145.835
2023-08-18,145.829,145.844,144.937,145.342
2023-08-21,145.414,146.401,145.148,146.2165
2023-08-22,146.2195,146.392,145.5,145.8725
2023-08-23,145.87,145.881,144.542,144.8155
2023-08-24,144.8285,145.956,144.606,145.829
2023-08-25,145.84,146.629,145.726,146.373
2023-08-28,146.4345,146.738,146.281,146.5405
2023-08-29,146.5355,147.365,145.669,145.9235
2023-08-30,145.9135,146.537,145.561,146.1845
2023-08-31,146.1775,146.223,145.35,145.543
2023-09-01,145.545,146.292,144.445,146.193
2023-09-04,146.221,146.497,146.028,146.4715
2023-09-05,146.4665,147.79,146.4665,147.6965
2023-09-06,147.6915,147.817,147.026,147.6365
2023-09-07,147.637,147.871,147.049,147.2845
2023-09-08,147.2815,147.869,146.602,147.85
2023-09-11,146.822,147.2795,145.914,146.566
2023-09-12,146.5655,147.23,146.456,147.12
2023-09-13,147.1205,147.696,147.018,147.3705
2023-09-14,147.371,147.564,147.022,147.4285
2023-09-15,147.422,147.951,147.342,147.859
2023-09-18,147.7955,147.875,147.561,147.61
2023-09-19,147.61,147.92,147.515,147.78
2023-09-20,147.7785,148.362,147.475,148.1995
2023-09-21,148.1995,148.452,147.325,147.574
2023-09-22,147.58,148.411,147.517,148.392
2023-09-25,148.3255,148.952,148.254,148.842
2023-09-26,148.847,149.184,148.706,149.009
2023-09-27,149.0105,149.707,148.865,149.4775
2023-09-28,149.491,149.558,149.15,149.283
2023-09-29,149.2815,149.499,148.531,149.428
2023-10-02,149.518,149.873,149.4305,149.8415
2023-10-03,149.8405,150.159,147.3825,149.0575
2023-10-04,149.0405,149.319,148.738,149.0185
2023-10-05,149.019,149.104,148.272,148.492
2023-10-06,148.4875,149.499,148.362,149.335
2023-10-09,149.0575,149.241,148.438,148.5375
2023-10-10,148.54,149.096,148.169,148.698
2023-10-11,148.6965,149.322,148.427,149.091
2023-10-12,149.0955,149.829,148.958,149.771
2023-10-13,149.7705,149.826,149.457,149.507
2023-10-16,149.459,149.76,149.376,149.5375
2023-10-17,149.543,149.849,149.0195,149.784
2023-10-18,149.7815,149.939,149.512,149.8065
2023-10-19,149.7935,149.953,149.67,149.7715
2023-10-20,149.786,149.993,149.766,149.867
2023-10-23,149.8225,149.99,149.558,149.714
2023-10-24,149.717,149.922,149.325,149.8575
2023-10-25,149.8645,150.314,149.797,150.1635
2023-10-26,150.164,150.778,149.953,150.382
2023-10-27,150.3805,150.406,149.463,149.555
2023-10-30,149.717,149.851,148.815,149.125
2023-10-31,149.123,151.718,149.084,151.398
2023-11-01,151.406,151.479,150.612,150.663
2023-11-02,150.669,150.685,149.849,150.48
2023-11-03,150.48,150.521,149.219,149.369
2023-11-06,149.3755,150.0825,149.3635,149.995
2023-11-07,149.993,150.689,149.937,150.351
2023-11-08,150.3505,151.058,150.3505,150.896
2023-11-09,150.8965,151.387,150.778,151.303
2023-11-10,151.3135,151.601,151.224,151.532
2023-11-13,151.4695,151.907,151.219,151.6765
2023-11-14,151.6845,151.78,150.16,150.473
2023-11-15,150.463,151.421,150.058,151.2695
2023-11-16,151.2855,151.432,150.287,150.7115
2023-11-17,150.7085,150.775,149.204,149.692
2023-11-20,149.659,149.99,148.104,148.334
2023-11-21,148.343,148.588,147.155,148.2465
2023-11-22,148.2635,149.749,148.0185,149.518
2023-11-23,149.5175,149.688,148.89,149.48
2023-11-24,149.488,149.711,149.199,149.4675
2023-11-27,149.5185,149.67,148.551,148.64
2023-11-28,148.641,148.829,147.326,147.44
2023-11-29,147.428,147.904,146.671,147.0715
2023-11-30,147.077,148.49,146.8445,148.1675
2023-12-01,148.1655,148.342,146.663,146.869
2023-12-04,146.7045,147.448,146.23,147.1375
2023-12-05,147.1185,147.385,146.572,147.118
2023-12-06,147.1095,147.499,146.905,147.235
2023-12-07,147.2225,147.299,141.641,144.232
2023-12-08,144.198,145.1985,142.4975,144.988
2023-12-11,145.021,146.582,144.816,146.1585
2023-12-12,146.152,146.1725,144.7445,145.4375
2023-12-13,145.434,145.991,142.101,142.582
2023-12-14,142.577,142.895,140.982,141.902
2023-12-15,141.882,142.467,141.446,142.247
2023-12-18,142.2285,143.155,142.076,142.806
2023-12-19,142.8045,144.956,142.253,143.868
2023-12-20,143.867,144.094,143.267,143.459
2023-12-21,143.461,143.56,142.051,142.204
2023-12-22,142.1735,142.661,141.877,142.486
2023-12-26,142.346,142.626,142.1,142.4045
2023-12-27,142.404,142.845,141.562,141.611
2023-12-28,141.613,141.6635,140.254,141.3555
2023-12-29,141.356,141.914,140.804,140.965
2024-01-02,140.9175,142.209,140.819,142.07
2024-01-03,142.061,143.73,141.861,143.1425
2024-01-04,143.1455,144.848,142.859,144.599
2024-01-05,144.6005,145.958,143.81,144.748
2024-01-08,144.556,144.922,143.664,144.232
2024-01-09,144.2265,144.625,143.435,144.426
2024-01-10,144.411,145.829,144.321,145.655
2024-01-11,145.6585,146.401,145.265,145.3485
2024-01-12,145.3505,145.555,144.362,144.9
2024-01-15,144.981,145.942,144.935,145.7425
2024-01-16,145.7415,147.312,145.588,147.12
2024-01-17,147.1205,148.523,147.105,148.126
2024-01-18,148.122,148.301,147.663,148.132
2024-01-19,148.1375,148.805,147.842,148.154
2024-01-22,148.24,148.297,147.629,147.9825
2024-01-23,147.9845,148.697,147.013,148.3905
2024-01-24,148.398,148.398,146.668,147.453
2024-01-25,147.4595,147.9,147.092,147.648
2024-01-26,147.6465,148.198,147.4895,148.074
2024-01-29,148.109,148.335,147.256,147.511
2024-01-30,147.507,147.929,147.1,147.611
2024-01-31,147.605,147.897,146.014,146.87
2024-02-01,146.872,147.113,145.913,146.481
2024-02-02,146.4435,148.585,146.249,148.309
2024-02-05,148.4755,148.894,148.273,148.6755
2024-02-06,148.6715,148.786,147.83,147.889
2024-02-07,147.8885,148.258,147.649,148.0575
2024-02-08,148.0575,149.479,147.937,149.2805
2024-02-09,149.287,149.575,149.021,149.284
2024-02-12,149.2575,149.479,148.933,149.333
2024-02-13,149.3355,150.884,149.2705,150.6455
2024-02-14,150.643,150.778,150.356,150.508
2024-02-15,150.5045,150.57,149.579,149.904
2024-02-16,149.9065,150.643,149.832,150.241
2024-02-19,150.183,150.192,149.879,150.128
2024-02-20,150.1285,150.437,149.691,149.961
2024-02-21,149.96,150.392,149.855,150.319
2024-02-22,150.3205,150.688,150.02,150.5195
2024-02-23,150.52,150.768,150.3,150.5
2024-02-26,150.4325,150.84,150.295,150.6645
2024-02-27,150.662,150.706,150.083,150.4855
2024-02-28,150.484,150.845,150.374,150.6515
2024-02-29,150.651,150.663,149.21,149.9885
2024-03-01,149.9875,150.714,149.9665,150.151
2024-03-04,150.1195,150.568,149.844,150.4445
2024-03-05,150.4465,150.546,149.71,150.0235
2024-03-06,150.024,150.085,149.1,149.328
2024-03-07,149.334,149.334,147.601,147.916
2024-03-08,147.919,148.116,146.493,147.062
2024-03-11,147.048,147.142,146.491,146.951
2024-03-12,146.942,148.13,146.623,147.583
2024-03-13,147.585,148.042,147.239,147.708
2024-03-14,147.708,148.358,147.451,148.26
2024-03-15,148.263,149.165,148.04,149.067
2024-03-18,148.979,149.329,148.915,149.054
2024-03-19,149.043,150.961,149.033,150.842
2024-03-20,150.843,151.804,150.756,150.855
2024-03-21,150.855,151.747,150.266,151.547
2024-03-22,151.552,151.857,151.005,151.45
2024-03-25,151.284,151.544,151.054,151.42
2024-03-26,151.417,151.6,151.208,151.531
2024-03-27,151.534,151.973,151.03,151.338
2024-03-28,151.332,151.545,151.153,151.416
2024-04-01,151.297,151.758,151.228,151.64
2024-04-02,151.6305,151.796,151.467,151.573
2024-04-03,151.5795,151.949,151.445,151.6565
2024-04-04,151.656,151.768,151.123,151.3155
2024-04-05,151.321,151.751,150.816,151.65
2024-04-08,151.615,151.94,151.603,151.8295
2024-04-09,151.817,151.935,151.571,151.763
2024-04-10,151.7675,153.241,151.684,153.0095
2024-04-11,153.0205,153.319,152.761,153.2125
2024-04-12,153.212,153.386,152.604,153.24
2024-04-15,153.1925,154.445,153.0635,154.2325
2024-04-16,154.2305,154.784,154.135,154.666
2024-04-17,154.67,154.732,154.161,154.341
2024-04-18,154.3355,154.681,153.961,154.608
2024-04-19,154.6115,154.672,153.593,154.605
2024-04-22,154.5115,154.85,154.505,154.814
2024-04-23,154.82,154.875,154.566,154.781
2024-04-24,154.7825,155.375,154.734,155.237
2024-04-25,155.232,155.747,155.2,155.5935
2024-04-26,155.592,157.897,155.0245,157.891
2024-04-29,158.0315,160.122,154.552,156.3105
2024-04-30,156.308,157.849,156.0695,157.723
2024-05-01,157.7125,157.988,153.0445,154.357
2024-05-02,154.257,156.279,153.062,153.721
2024-05-03,153.717,153.717,151.866,152.895
2024-05-06,152.846,154.009,152.821,153.892
2024-05-07,153.8865,154.748,153.865,154.6065
2024-05-08,154.606,155.664,154.606,155.521
2024-05-09,155.5225,155.95,155.175,155.484
2024-05-10,155.4845,155.903,155.268,155.778
2024-05-13,155.697,156.25,155.588,156.215
2024-05-14,156.2135,156.7425,156.181,156.4245
2024-05-15,156.424,156.559,154.6955,154.7985
2024-05-16,154.7815,155.5275,153.6065,155.3685
2024-05-17,155.3555,155.9785,155.2545,155.6815
2024-05-20,155.633,156.3015,155.4975,156.2225
2024-05-21,156.221,156.5455,155.8535,156.159
2024-05-22,156.1575,156.8435,156.1385,156.698
2024-05-23,156.7005,157.1925,156.5315,156.9775
2024-05-24,156.984,157.1455,156.8265,156.9315
2024-05-27,156.893,156.9585,156.6655,156.888
2024-05-28,156.8855,157.1995,156.5945,157.163
2024-05-29,157.1615,157.7075,156.9625,157.597
2024-05-30,157.592,157.6725,156.3765,156.7855
2024-05-31,156.7865,157.3655,156.5615,157.2735
2024-06-03,157.238,157.4675,155.9515,156.1135
2024-06-04,156.113,156.4865,154.5505,154.8335
2024-06-05,154.8105,156.4705,154.7975,156.059
2024-06-06,156.05,156.4395,155.3855,155.6095
2024-06-07,155.6075,157.074,155.1235,156.749
2024-06-10,156.7745,157.189,156.71,157.021
2024-06-11,157.02,157.398,156.808,157.126
2024-06-12,157.1275,157.372,155.721,156.598
2024-06-13,156.598,157.311,156.589,157.007
2024-06-14,157.006,158.257,156.89,157.306
2024-06-17,157.38,157.958,157.165,157.7335
2024-06-18,157.7355,158.228,157.519,157.8365
2024-06-19,157.8425,158.106,157.606,158.005
2024-06-20,158.0075,158.9455,157.923,158.9115
2024-06-21,158.9115,159.624,158.677,159.606
2024-06-24,159.736,159.922,158.865,159.61
2024-06-25,159.603,159.757,159.21,159.6635
2024-06-26,159.663,160.871,159.615,160.765
2024-06-27,160.7515,160.823,160.303,160.754
2024-06-28,160.753,161.268,160.265,160.871
2024-07-01,160.8405,161.729,160.757,161.4695
2024-07-02,161.4675,161.744,161.28,161.448
2024-07-03,161.448,161.951,160.783,161.5715
2024-07-04,161.572,161.674,160.95,161.253
2024-07-05,161.253,161.397,160.363,160.768
2024-07-08,160.6895,161.119,160.265,160.798
2024-07-09,160.795,161.509,160.733,161.2885
2024-07-10,161.2905,161.807,161.266,161.576
2024-07-11,161.578,161.76,157.477,158.9425
2024-07-12,158.944,159.449,157.3855,157.832
2024-07-15,158.161,158.419,157.294,158.091
2024-07-16,158.0825,158.856,158.067,158.33
2024-07-17,158.3335,158.601,156.073,156.167
2024-07-18,156.1695,157.4,155.376,157.352
2024-07-19,157.3525,157.864,156.976,157.509
2024-07-22,157.413,157.613,156.289,156.945
2024-07-23,156.96,157.103,155.5385,155.587
2024-07-24,155.5895,155.989,153.12,153.793
2024-07-25,153.772,154.312,151.946,153.932
2024-07-26,153.9325,154.739,153.247,153.759
2024-07-29,153.712,154.349,153.031,154.02
2024-07-30,154.021,155.217,152.653,152.704
2024-07-31,152.711,153.874,149.618,149.885
2024-08-01,149.867,150.875,148.52,149.349
2024-08-02,149.319,149.769,146.427,146.586
2024-08-05,146.474,146.5605,141.7,144.089
2024-08-06,144.077,146.3655,143.624,144.56
2024-08-07,144.561,147.8935,144.318,146.729
2024-08-08,146.7345,147.517,145.434,147.216
2024-08-09,147.2255,147.8,146.275,146.647
2024-08-12,146.761,148.223,146.704,147.202
2024-08-13,147.197,147.945,146.602,146.8565
2024-08-14,146.856,147.571,146.08,147.2575
2024-08-15,147.2565,149.385,147.057,149.3195
2024-08-16,149.3205,149.3215,147.628,147.7
2024-08-19,147.685,148.049,145.189,146.605
2024-08-20,146.606,147.332,145.097,145.1405
2024-08-21,145.1385,146.777,144.458,145.1775
2024-08-22,145.1795,146.52,144.854,146.2465
2024-08-23,146.247,146.479,144.055,144.234
2024-08-26,144.0485,144.656,143.456,144.5285
2024-08-27,144.514,145.174,143.919,143.9495
2024-08-28,143.9495,145.033,143.688,144.4585
2024-08-29,144.4575,145.552,144.223,144.993
2024-08-30,145.005,146.248,144.658,146.178
2024-09-02,146.101,147.179,145.788,146.909
2024-09-03,146.907,147.207,145.172,145.4435
2024-09-04,145.4515,145.559,143.6015,143.651
2024-09-05,143.651,144.23,142.859,143.432
2024-09-06,143.4345,143.901,141.869,142.419
2024-09-09,142.2,143.794,141.962,143.1585
2024-09-10,143.141,143.708,142.203,142.43
2024-09-11,142.43,142.531,140.719,142.3005
2024-09-12,142.298,143.04,141.73,141.84
2024-09-13,141.8265,141.872,140.289,140.93
2024-09-16,140.763,140.911,139.581,140.633
2024-09-17,140.6335,142.468,140.323,142.355
2024-09-18,142.359,142.696,140.449,142.1335
2024-09-19,142.1325,143.943,141.901,142.6485
2024-09-20,142.646,144.49,141.745,143.923
2024-09-23,143.8955,144.453,143.172,143.583
2024-09-24,143.583,144.678,143.115,143.208
2024-09-25,143.1875,144.843,142.915,144.6795
2024-09-26,144.68,145.2,144.118,144.805
2024-09-27,144.799,146.473,142.072,142.182
2024-09-30,142.2655,143.913,141.653,143.607
2024-10-01,143.607,144.53,142.979,143.631
2024-10-02,143.633,146.512,143.428,146.3745
2024-10-03,146.3715,147.229,146.288,146.867
2024-10-04,146.848,149,145.931,148.772
2024-10-07,148.867,149.13,147.857,148.153
2024-10-08,148.1565,148.378,147.348,148.227
2024-10-09,148.2325,149.359,148.014,149.178
2024-10-10,149.1785,149.546,148.376,148.5445
2024-10-11,148.5445,149.284,148.406,149.142
2024-10-14,149.1685,149.975,149.148,149.778
2024-10-15,149.775,149.834,148.851,149.2075
2024-10-16,149.2085,149.807,148.919,149.587
2024-10-17,149.5885,150.324,149.247,150.1665
2024-10-18,150.166,150.278,149.368,149.523
2024-10-21,149.5945,150.887,149.092,150.73
2024-10-22,150.73,151.197,150.508,151.057
2024-10-23,151.0625,153.183,151.032,152.6895
2024-10-24,152.688,152.8315,151.556,151.8295
2024-10-25,151.8435,152.377,151.461,152.262
2024-10-28,152.956,153.87,152.41,153.305
2024-10-29,153.302,153.868,152.757,153.255
2024-10-30,153.249,153.486,152.802,153.3
2024-10-31,153.305,153.571,151.839,152.06
2024-11-01,152.049,153.093,151.792,152.988
2024-11-04,152.4135,152.4805,151.543,152.1165
2024-11-05,152.1145,152.536,151.338,151.6115
2024-11-06,151.5995,154.697,151.315,154.54
2024-11-07,154.54,154.709,152.695,152.9485
2024-11-08,152.9445,153.369,152.146,152.517
2024-11-11,152.685,153.954,152.681,153.73
2024-11-12,153.7355,154.918,153.414,154.53
2024-11-13,154.527,155.624,154.343,155.428
2024-11-14,155.4275,156.414,155.346,156.2965
2024-11-15,156.297,156.75,153.867,154.294
2024-11-18,154.586,155.356,153.842,154.655
2024-11-19,154.656,154.796,153.287,154.5985
2024-11-20,154.5955,155.886,154.532,155.35
2024-11-21,155.338,155.3725,153.919,154.513
2024-11-22,154.5105,155.015,153.979,154.838
2024-11-25,154.226,154.7245,153.5525,154.12
2024-11-26,154.1205,154.4855,153.0015,153.075
2024-11-27,153.078,153.2355,150.4605,150.986
2024-11-28,150.986,151.9495,150.9375,151.538
2024-11-29,151.537,151.537,149.4815,149.649
2024-12-02,149.576,150.7475,149.0875,149.55
2024-12-03,149.549,150.2295,148.6475,149.5995
2024-12-04,149.605,151.2295,149.5325,150.5315
2024-12-05,150.53,150.7645,149.6565,150.081
2024-12-06,150.087,150.6985,149.3685,149.9605
2024-12-09,149.996,151.3455,149.6965,151.248
2024-12-10,151.229,152.1765,150.9005,151.947
2024-12-11,151.944,152.7875,151.0955,152.4325
2024-12-12,152.423,152.7665,151.8195,152.593
2024-12-13,152.5895,153.7985,152.4575,153.6575
2024-12-16,153.626,154.4765,153.3265,154.1435
2024-12-17,154.151,154.3355,153.1615,153.449
2024-12-18,153.4555,154.8625,153.3365,154.7525
2024-12-19,154.7545,157.8085,154.4555,157.4405
2024-12-20,157.451,157.9215,155.9565,156.3505
2024-12-23,156.516,157.2695,156.3395,157.156
2024-12-24,157.1555,157.3895,156.8985,157.2785
2024-12-26,157.249,158.0825,157.0775,157.892
2024-12-27,157.887,157.9505,157.3565,157.9165
2024-12-30,157.697,158.0665,156.6745,156.894
2024-12-31,156.887,157.5475,156.0275,157.21
2025-01-02,157.281,157.838,156.442,157.461
2025-01-03,157.4555,157.567,156.899,157.342
2025-01-06,157.3515,157.96,156.245,157.62
2025-01-07,157.6235,158.421,157.38,158.0405
2025-01-08,158.0405,158.551,157.906,158.3085
2025-01-09,158.3085,158.399,157.583,158.148
2025-01-10,158.151,158.867,157.246,157.824
2025-01-13,157.7375,157.967,156.916,157.333
2025-01-14,157.323,158.198,157.124,157.9505
2025-01-15,157.95,158.084,155.947,156.386
2025-01-16,156.373,156.527,155.105,155.1805
2025-01-17,155.1755,156.37,154.984,156.153
2025-01-20,156.311,156.585,155.419,155.654
2025-01-21,155.654,156.235,154.785,155.487
2025-01-22,155.491,156.708,155.366,156.432
2025-01-23,156.4315,156.751,155.748,156.034
2025-01-24,156.035,156.576,154.852,155.899
2025-01-27,155.7935,156.248,153.717,154.5445
2025-01-28,154.5435,155.974,154.533,155.5465
2025-01-29,155.5515,155.792,154.953,155.1995
2025-01-30,155.1995,155.243,153.795,154.225
2025-01-31,154.2405,155.221,153.937,155.096
2025-02-03,155.044,155.884,154.017,154.828
2025-02-04,154.832,155.499,154.174,154.3805
2025-02-05,154.389,154.465,152.12,152.5705
2025-02-06,152.568,152.877,151.253,151.458
2025-02-07,151.456,152.385,150.946,151.305
2025-02-10,151.544,152.533,151.468,151.887
2025-02-11,151.907,152.605,151.653,152.46
2025-02-12,152.453,154.8,152.453,154.377
2025-02-13,154.372,154.67,152.705,152.851
2025-02-14,152.843,153.155,152.028,152.332
2025-02-17,152.284,152.383,151.342,151.5225
2025-02-18,151.522,152.216,151.244,152.065
2025-02-19,152.0715,152.31,151.249,151.394
2025-02-20,151.3945,151.432,149.398,149.555
2025-02-21,149.5565,150.733,148.934,149.137
2025-02-24,149.215,149.874,148.847,149.73
2025-02-25,149.727,150.3,148.578,149.1265
2025-02-26,149.139,149.889,148.631,148.987
2025-02-27,148.9905,150.161,148.751,149.7765
2025-02-28,149.776,150.989,149.102,150.512
2025-03-03,150.718,151.305,149.106,149.5815
2025-03-04,149.584,149.881,148.101,149.7545
2025-03-05,149.753,150.181,148.405,148.8295
2025-03-06,148.8245,149.323,147.318,147.9625
2025-03-07,147.946,148.198,146.966,147.978
2025-03-10,147.486,147.793,146.638,147.003
2025-03-11,146.984,148.115,146.548,147.901
2025-03-12,147.9,149.194,147.823,148.229
2025-03-13,148.229,148.375,147.417,147.939
2025-03-14,147.933,149.024,147.854,148.634
2025-03-17,148.571,149.335,148.306,149.333
2025-03-18,149.344,149.934,149.105,149.396
2025-03-19,149.408,150.147,148.554,148.599
2025-03-20,148.605,148.961,148.183,148.725
2025-03-21,148.724,149.659,148.591,149.321
2025-03-24,149.575,150.759,149.463,150.73
2025-03-25,150.732,150.944,149.553,149.938
2025-03-26,149.963,150.746,149.845,150.311
2025-03-27,150.312,151.153,150.062,151.055
2025-03-28,151.053,151.209,149.6915,149.757
2025-03-31,149.6465,150.267,148.706,149.9075
2025-04-01,149.9165,150.141,148.978,149.65
2025-04-02,149.65,150.489,148.701,148.7025
2025-04-03,148.707,148.707,145.23,145.9445
2025-04-04,145.9485,147.429,144.561,146.84
2025-04-07,145.576,148.148,144.826,147.729
2025-04-08,147.729,148.124,145.967,146.332
2025-04-09,146.346,148.27,144.001,147.3975
2025-04-10,147.3985,147.714,144.037,144.53
2025-04-11,144.5425,144.544,142.073,143.604
2025-04-14,143.731,144.08,142.243,142.991
2025-04-15,142.9825,143.591,142.601,143.1975
2025-04-16,143.171,143.28,141.648,141.7595
2025-04-17,141.755,143.06,141.618,142.462
2025-04-21,141.975,142.1505,140.513,140.827
2025-04-22,140.827,142.574,139.891,142.57
2025-04-23,142.611,143.575,141.533,143.161
2025-04-24,143.159,143.338,142.28,142.714
2025-04-25,142.715,144.031,142.65,143.652
2025-04-28,143.617,143.894,141.994,142.076
2025-04-29,142.081,142.758,141.978,142.305
2025-04-30,142.305,143.191,142.165,142.978
2025-05-01,142.9805,145.731,142.888,145.327
2025-05-02,145.336,145.91,143.736,144.983
2025-05-05,144.87,144.995,143.544,143.723
2025-05-06,143.712,144.271,142.356,142.431
2025-05-07,142.43,143.994,142.425,143.7845
2025-05-08,143.782,146.178,143.456,145.941
2025-05-09,145.937,146.189,144.829,145.312
2025-05-12,146.1705,148.648,145.705,148.387
2025-05-13,148.373,148.458,147.382,147.487
2025-05-14,147.493,147.663,145.609,146.6365
2025-05-15,146.6395,146.749,145.427,145.619
2025-05-16,145.6185,146.097,144.929,145.965
2025-05-19,145.4695,145.4695,144.665,144.8735
2025-05-20,144.8735,145.514,144.095,144.4865
2025-05-21,144.4885,144.498,143.285,143.669
2025-05-22,143.6695,144.399,142.809,144.071
2025-05-23,144.086,144.086,142.431,142.504
2025-05-26,142.5115,143.075,142.231,142.758
2025-05-27,142.755,144.452,142.117,144.2765
2025-05-28,144.279,145.079,143.853,144.806
2025-05-29,144.808,146.283,143.964,144.1355
2025-05-30,144.144,144.421,143.444,143.883
2025-06-02,143.819,143.989,142.546,142.6785
2025-06-03,142.67,144.109,142.396,143.971
2025-06-04,143.966,144.382,142.609,142.767
2025-06-05,142.769,143.972,142.534,143.546
2025-06-06,143.5385,145.09,143.46,144.786
2025-06-09,144.783,144.949,143.977,144.563
2025-06-10,144.565,145.292,144.407,144.878
2025-06-11,144.885,145.468,144.332,144.5375
2025-06-12,144.537,144.537,143.193,143.563
2025-06-13,143.533,144.479,142.799,143.946
2025-06-16,144.368,144.876,143.655,144.728
2025-06-17,144.728,145.377,144.407,145.237
2025-06-18,145.248,145.442,144.362,145.1
2025-06-19,145.088,145.77,144.743,145.474
2025-06-20,145.479,146.195,145.131,146.193
2025-06-23,146.508,148.025,146.015,146.152
2025-06-24,146.171,146.181,144.515,144.845
2025-06-25,144.846,145.95,144.619,145.219
2025-06-26,145.202,145.268,143.756,144.381
2025-06-27,144.38,144.944,144.199,144.753
2025-06-30,144.486,144.759,143.786,144.032
2025-07-01,144.032,144.035,142.688,143.397
2025-07-02,143.409,144.246,143.335,143.655
2025-07-03,143.6445,145.234,143.451,144.9415
2025-07-04,144.9505,144.971,144.186,144.571
2025-07-07,144.48,146.242,144.226,146.0165
2025-07-08,146.0245,146.976,145.835,146.568
2025-07-09,146.594,147.178,146.253,146.281
2025-07-10,146.318,146.787,145.756,146.257
2025-07-11,146.243,147.48,146.139,147.381
2025-07-14,147.197,147.78,146.861,147.7135
2025-07-15,147.7115,149.02,147.555,148.8565
2025-07-16,148.857,149.18,146.93,147.837
2025-07-17,147.838,149.085,147.728,148.557
2025-07-18,148.554,148.88,148.189,148.745
2025-07-21,148.202,148.666,147.087,147.316
2025-07-22,147.3175,147.947,146.316,146.608
2025-07-23,146.619,147.203,146.116,146.476
2025-07-24,146.471,147.1045,145.859,147.1045
2025-07-25,147.1055,147.936,146.842,147.619
2025-07-28,147.689,148.577,147.522,148.557
2025-07-29,148.562,148.805,148.162,148.466
2025-07-30,148.456,149.535,147.807,149.462
2025-07-31,149.461,150.84,148.6,150.699
2025-08-01,150.737,150.915,147.331,147.437
2025-08-04,147.218,148.085,146.889,147.111
2025-08-05,147.1185,147.834,146.623,147.58
2025-08-06,147.58,147.883,146.979,147.349
2025-08-07,147.351,147.7,146.694,147.06
2025-08-08,147.062,147.896,146.735,147.756
2025-08-11,147.721,148.253,147.356,148.1085
2025-08-12,148.109,148.517,147.588,147.8465
2025-08-13,147.843,148.169,147.094,147.289
2025-08-14,147.2985,147.96,146.217,147.773
2025-08-15,147.774,147.87,146.762,147.241
2025-08-18,147.199,147.987,147.085,147.8245
2025-08-19,147.8235,148.104,147.449,147.604
2025-08-20,147.599,147.816,146.877,147.32
2025-08-21,147.326,148.407,147.258,148.3685
2025-08-22,148.352,148.776,146.581,146.961
2025-08-25,146.907,147.94,146.834,147.72
2025-08-26,147.7,147.908,146.993,147.39
2025-08-27,147.404,148.184,147.277,147.4005
2025-08-28,147.405,147.487,146.666,146.955
2025-08-29,146.963,147.404,146.767,146.965
2025-09-01,147.0185,147.379,146.788,147.185
2025-09-02,147.1965,148.938,147.05,148.356
2025-09-03,148.34,149.132,147.883,148.063
2025-09-04,148.085,148.778,147.81,148.42
2025-09-05,148.421,148.519,146.82,147.464
2025-09-08,147.962,148.575,147.343,147.5205
2025-09-09,147.508,147.513,146.313,147.386
2025-09-10,147.388,147.641,147.124,147.3995
2025-09-11,147.4035,148.033,146.99,147.1955
2025-09-12,147.197,148.068,147.132,147.579
2025-09-15,147.629,147.816,147.236,147.357
2025-09-16,147.345,147.539,146.282,146.485
2025-09-17,146.472,147.051,145.493,146.923
2025-09-18,146.962,148.266,146.773,147.972
2025-09-19,147.9605,148.284,147.203,147.944
2025-09-22,147.929,148.377,147.66,147.744
2025-09-23,147.742,147.926,147.464,147.597
2025-09-24,147.6045,148.917,147.525,148.7975
2025-09-25,148.7975,149.924,148.562,149.787
2025-09-26,149.783,149.959,149.408,149.511
2025-09-29,149.509,149.512,148.474,148.6035
2025-09-30,148.6,148.842,147.655,147.87
2025-10-01,147.874,148.225,146.6,147.0495
2025-10-02,147.0445,147.515,146.604,147.229
2025-10-03,147.23,147.814,147.096,147.459
2025-10-06,149.138,150.474,149.052,150.275
2025-10-07,150.2865,152.045,150.255,151.882
2025-10-08,151.899,153,151.743,152.664
2025-10-09,152.666,153.226,152.21,153.0705
2025-10-10,153.065,153.274,151.523,151.601
2025-10-13,151.8145,152.443,151.725,152.246
2025-10-14,152.23,152.609,151.607,151.743
2025-10-15,151.7295,151.876,150.903,151.09
2025-10-16,151.0985,151.398,150.214,150.412
2025-10-17,150.404,150.593,149.383,150.483
2025-10-20,150.459,151.202,150.277,150.692
2025-10-21,150.6775,152.171,150.472,151.8925
2025-10-22,151.8925,152.044,151.495,151.9085
2025-10-23,151.911,152.798,151.828,152.562
2025-10-24,152.5665,153.064,152.338,152.831
2025-10-27,153.067,153.257,152.568,152.747
2025-10-28,152.749,152.774,151.763,152.169
2025-10-29,152.174,153.058,151.547,152.699
2025-10-30,152.699,154.445,152.179,154.11
2025-10-31,154.11,154.411,153.656,154.005
2025-11-03,154.069,154.298,153.938,154.2145
2025-11-04,154.221,154.483,153.32,153.6645
2025-11-05,153.6635,154.354,152.965,154.0755
2025-11-06,154.0795,154.142,152.835,153.065
2025-11-07,153.0755,153.586,152.823,153.435
2025-11-10,153.7125,154.252,153.481,154.0695
2025-11-11,154.068,154.483,153.678,154.0685
2025-11-12,154.0745,155.045,154.053,154.7205
2025-11-13,154.7205,155.016,154.131,154.53
2025-11-14,154.5285,154.764,153.623,154.531
2025-11-17,154.539,155.301,154.419,155.201
2025-11-18,155.21,155.73,154.82,155.53
2025-11-19,155.5205,157.184,155.218,157.078
2025-11-20,157.08,157.894,156.886,157.464
2025-11-21,157.465,157.544,156.203,156.395
2025-11-24,156.4925,157.188,156.4925,156.8545
2025-11-25,156.867,156.981,155.808,156.0455
2025-11-26,156.0415,156.737,155.659,156.4185
2025-11-27,156.4225,156.4225,155.732,156.2805
2025-11-28,156.285,156.584,155.989,156.149
2025-12-01,156.105,156.154,154.671,155.44
2025-12-02,155.447,156.121,155.436,155.882
2025-12-03,155.882,155.904,155.014,155.206
2025-12-04,155.206,155.542,154.516,155.051
2025-12-05,155.067,155.494,154.348,155.303
2025-12-08,155.233,155.986,154.905,155.914
2025-12-09,155.918,156.954,155.745,156.841
2025-12-10,156.84,156.938,155.805,156.026
2025-12-11,156.0285,156.165,154.952,155.5395
2025-12-12,155.537,156.128,155.459,155.883
2025-12-15,155.819,155.987,154.841,155.2335
2025-12-16,155.232,155.232,154.397,154.74
2025-12-17,154.733,155.751,154.518,155.6175
2025-12-18,155.6165,155.975,155.287,155.558
2025-12-19,155.5565,157.7,155.52,157.697
2025-12-22,157.4785,157.709,156.709,157.0275
2025-12-23,157.0265,157.0265,155.868,156.1925
2025-12-24,156.1955,156.283,155.56,155.985
2025-12-25,155.972,155.996,155.847,155.904
2025-12-26,155.9045,156.733,155.759,156.495
2025-12-29,156.512,156.5485,155.92,156.039
2025-12-30,156.039,156.568,155.747,156.38
